Acid Mortar: Increased Target AoE Damage Taken	酸性迫击炮: 增加目标所受范围伤害
Acid Mortar: Increased Target Damage Taken	酸性迫击炮: 增加目标所受伤害
Acid MRM: Increased Target AoE Damage Taken	酸性MRM: 增加目标受到的范围伤害
Acid MRM: Increased Target Damage Taken	酸性MRM: 增加目标所受伤害
Acid SRM: Increased Target AoE Damage Taken	酸性SRM: 增加目标受到的范围伤害
Acid SRM: Increased Target Damage Taken	酸性SRM: 增加目标所受伤害
Acid Fluid: Increased Target AoE Damage Taken	酸液: 增加目标所受范围伤害
Acid Fluid: Increased Target Damage Taken	酸液: 增加目标所受伤害
Beacon LRM: Increased Target Sensor Signature	LRM信标: 增加目标传感器特征
Beacon LRM: Increased Target Visual Signature	LRM信标: 增加目标视觉特征
ECM iNarc: Increased Target ECM Jamming	iNarc ECM: 增加目标的ECM干扰
EMP iATM: Increased Target Heat Generated	EMP iATM: 增加目标的热量生成
EMP iATM: Increased Target Shutdown Chance	EMP iATM: 增加目标关机概率
FASCAM Minefield: Increased Target AoE Damage Taken	FASCAM雷区: 增加目标所受范围伤害
FASCAM Minefield: Increased Target Damage Taken	FASCAM雷区: 增加目标所受伤害
Fusillade EMP iATM: Increased Target Heat Generated	Fusillade EMP iATM: 增加目标的热量生成
Fusillade EMP iATM: Increased Target Shutdown Chance	Fusillade EMP iATM: 增加目标关机概率
Haywire iNarc: Increased Target Heat Generated	iNarc失控: 增加目标的热量生成
Haywire iNarc: Increased Target Shutdown Chance	iNarc失控: 增加目标关机概率
Haywire iNarc: Stacking Increased Target Shutdown Chance	iNarc失控: 增加目标可叠加关机概率
Haywire iNarc: Vee Increased Target Shutdown Chance	iNarc失控: 增加目标Vee关机概率
Magpulse EMP LRM: Increased Target ECM Jamming	磁脉冲EMP LRM: 增加目标的ECM干扰
Magpulse EMP LRM: Increased Target Heat Generated	磁脉冲EMP LRM: 增加目标的热量生成
Magpulse EMP SRM: Increased Target ECM Jamming	磁脉冲EMP SRM: 增加目标的ECM干扰
Magpulse EMP SRM: Increased Target Heat Generated	磁脉冲EMP SRM: 增加目标的热量生成
Magpulse EMP SRM: Increased Target Shutdown Chance	磁脉冲EMP SRM: 增加目标关机概率
Oil Fluid: Increased Target Heat Damage Taken	油液: 增加目标所受热量伤害
Oil Fluid: Increased Target Stability Damage Taken	油液: 增加目标所受稳定性伤害
Paint Fluid: Increased Target Visual Signature	涂料液: 增加目标视觉特征
Sticky Vehicle Flamer: Increased Target Heat Generated	黏性车载火焰喷射器: 增加目标的热量生成
Typhon LRM: Increased Target AoE Damage Taken	LRM台风: 增加目标所受范围伤害
Typhon LRM: Increased Target Damage Taken	LRM台风: 增加目标所受伤害
