Guided	制导
FASCAM	布雷弹
Incendiary	燃烧弹
Precision	精准弹
Linked	联动
Unlinked	非联动
Kinetic	动能弹
Tracer	曳光弹
Swarm	蜂群
Mine	地雷
Thunder-A	雷霆-A
Thunder-I	雷霆-I
FASCAM-I	布雷弹-I
Atlas AS7-DBG	阿特拉斯 AS7-DBG
Barghest BGS-DBG	巴盖斯特 BGS-DBG
Bull Shark BSK-MAZ	牛鲨 BSK-MAZ
Clint IIC 2L 'Leia'	克林特 IIC 2L 'Leia'
Crab INVIDH	螃蟹 INVIDH
Flea INVDL	跳蚤 INVDL
Hollander BZK-DBG	荷兰人 BZK-DBG
Marauder II LAM MAD-ZOP	掠夺者 II LAM MAD-ZOP
Ostscout OTT-ZP	奥斯特侦察 OTT-ZP
Ostwar OWR-ZP	奥斯特战争 OWR-ZP
Phoenix Hawk LAM PHX-VF1J	凤鹰 LAM PHX-VF1J
Stinger LAM STG-VF1A	毒刺 LAM STG-VF1A
Wasp LAM WSP-VF1R	黄蜂 LAM WSP-VF1R
Wasp WSP-DBG	黄蜂 WSP-DBG
Wraith TR2-P 'Pocahontas'	幽灵 TR2-P 'Pocahontas'
Wraith TR2-X 'Alexander'	幽灵 TR2-X 'Alexander'
BusterHauler	破城搬运工
BusterHauler BC-QSA1	破城搬运工 BC-QSA1
BusterHauler BC-QSA2	破城搬运工 BC-QSA2
BusterHauler BC-QSA3	破城搬运工 BC-QSA3
BusterHauler BC-QSA4	破城搬运工 BC-QSA4
BusterHauler BC-QSA5	破城搬运工 BC-QSA5
Oneshot Long Tom QS	单发长汤姆 QS
Oneshot Long Tom Artillery QS	单发长汤姆火炮 QS
Oneshot Sniper QS	单发狙击炮 QS
Oneshot Thumper QS	单发重锤炮 QS
