Accurate Weapon - AC	精准武器 - 自动炮	Base-fragment
Accurate Weapon - Ballistics	精准武器 - 弹道	Base-fragment
Accurate Weapon - Energy	精准武器 - 能量	Base-fragment
Accurate Weapon - Gauss	精准武器 - 高斯	Base-fragment
Accurate Weapon - HandHeld	精准武器 - 手持	Base-fragment
Accurate Weapon - HMRM	精准武器 - HMRM	Base-fragment
Accurate Weapon - Laser	精准武器 - 激光	Base-fragment
Accurate Weapon - MG	精准武器 - 机枪	Base-fragment
Accurate Weapon - Missiles	精准武器 - 导弹	Base-fragment
Accurate Weapon - PPC	精准武器 - PPC	Base-fragment
Accurate Weapon - Wingmounted	精准武器 - 翼挂	Base-fragment
Accurate Weapons - Energy	精准武器 - 能量	Base-fragment
Accurate Weapons - Laser	精准武器 - 激光	Base-fragment
Accurate Weapons - Missile	精准武器 - 导弹	Base-fragment
Active Probe	主动探头	Base-fragment
Active Probe (C)	有源探头(氏族)	Base-fragment
Actuator Enhancement System	驱动器增强系统	Base-fragment
Advanced Armor	高级装甲	Base-fragment
Advanced Missile TTS	高级导弹瞄准追踪系统	Base-fragment
Advanced Optics	高级光学系统	Base-fragment
Advanced Tactical Missile	高级战术导弹	Base-fragment
Aerial Assault	空中突击	Base-fragment
Amaris Empire	阿马里斯帝国	Base-fragment
Ammo Chemical Large	大型化学激光弹药	Base-fragment
Ammo Chemical Large [DBL]	大型化学激光弹药[双]	Base-fragment
Ammo Chemical Medium	中型化学激光弹药	Base-fragment
Ammo Heavy Gauss	重型高斯弹药	Base-fragment
Ammo LRM L-K [Half]	LRM L-K弹药[半]	Base-fragment
Ammo LRM Thunder	LRM雷霆弹药	Base-fragment
Ammo LRM Thunder Augmented	LRM增强型雷霆弹药	Base-fragment
Ammo MagShot [HALF]	磁射弹药[半]	Base-fragment
Ammo SRM DF [Half]	SRM死火弹药[半]	Base-fragment
Ammo SRM INF [Half]	SRM炼狱弹药[半]	Base-fragment
Ammo TBM 10 Kinetic Kill	雷电10动能杀伤弹药	Base-fragment
Ammo TBM 15 Kinetic Kill	雷电15动能杀伤弹药	Base-fragment
Ammo TBM 20 Kinetic Kill	雷电20动能杀伤弹药	Base-fragment
Annihilator C	歼灭者 C	Base-fragment
Anti-Air Targeting	防空瞄准系统	Base-fragment
Anti-Missile System	反导系统	Base-fragment
Anti-Penetrative Ablation Armor	防穿透烧蚀装甲	Base-fragment
Arctic Cheetah Prime	极地猎豹 原装型	Base-fragment
Armored Motive	装甲传动	Base-fragment
Arrow IV Artillery	箭IV火炮	Base-fragment
Arrow IV Assault Vehicle	箭矢 IV 突击车	Base-fragment
ArrowIV Ammo	箭矢IV 弹药	Base-fragment
Artemis IV FCS	阿尔忒弥斯IV火控	Base-fragment
Artemis V FCS	阿尔忒弥斯V火控	Base-fragment
Artillery Cannon	火炮加农炮	Base-fragment
Ballistic Reinforced	弹道强化装甲	Base-fragment
Battle Armor	战斗装甲	Base-fragment
Battle Armor C3	战斗装甲 C3	Base-fragment
Battle Cobra	战斗眼镜蛇	Base-fragment
Battle Computer	作战电脑	Base-fragment
Battle Computer B2000	作战电脑B2000	Base-fragment
Battle Computer SLDF-X	作战电脑SLDF-X	Base-fragment
Battle Fists	战斗铁拳	Base-fragment
Battle Royale	大乱斗	Base-fragment
BattleMaster	战斗大师	Base-fragment
Beagle Active Probe	比格犬主动探头	Base-fragment
Beagle Probe	比格犬探头	Base-fragment
Binary Laser	二元激光	Base-fragment
Black Carapace	黑色甲壳	Base-fragment
Black Knight	黑骑士	Base-fragment
Black Python	黑蟒	Base-fragment
Blackjack BJ-5	黑杰克 BJ-5	Base-fragment
Blackwell Heavy Industries	布莱克韦尔重工	Base-fragment
Bloodhound Active Probe	血猎犬主动探头	Base-fragment
Bloodhound Probe	血猎犬探头	Base-fragment
Blue Shield Particle Field Damper	蓝盾粒子场阻尼器	Base-fragment
Bombast Laser	浮夸激光	Base-fragment
Boosted C3 Master	增强型C3主机	Base-fragment
Boosted C3 Slave	增强型C3从机	Base-fragment
Breaching Shot	突破一击	Base-fragment
Brutus Assault Tank	布鲁图斯突击坦克	Base-fragment
Cavalry Attack Helicopter	骑兵武装直升机	Base-fragment
Cavalry Mech	骑兵机甲	Base-fragment
Centipede Scout Car	蜈蚣侦察车	Base-fragment
Ceres Metals	塞雷斯金属	Base-fragment
Chaff CounterMeasures	箔条对抗措施	Base-fragment
Chameleon Light Polarization Shield	变色龙光极化护盾	Base-fragment
Chameleon LPS	变色龙偏振护盾	Base-fragment
Chaparral Missile Artillery	Chaparral导弹炮车	Base-fragment
Chem Large Ammo	化学大型激光弹药	Base-fragment
Chem Medium Ammo	化学中型激光弹药	Base-fragment
Chem Small Ammo	化学小型激光弹药	Base-fragment
Chemical Laser	化学激光	Base-fragment
Circinus Federation	圆规座联合会	Base-fragment
Clan BattleMech	氏族战斗机甲	Base-fragment
Clan Blood Spirit	血灵氏族	Base-fragment
Clan Burrock	伯洛克氏族	Base-fragment
Clan Cloud Cobra	云蛇氏族	Base-fragment
Clan Diamond Shark	氏族钻石鲨	Base-fragment
Clan Double Heat Sinks	氏族双散热器	Base-fragment
Clan Fire Mandrill	氏族火狒狒	Base-fragment
Clan Hell's Horses	氏族地狱马	Base-fragment
Clan Invasion	氏族入侵	Base-fragment
Clan Jade Falcon	玉鹰氏族	Base-fragment
Clan Nova Cat	氏族新星猫	Base-fragment
Clan Protectorate	氏族保护领	Base-fragment
Clan Sea Fox	海狐氏族	Base-fragment
Clan Smoke Jaguar	烟虎氏族	Base-fragment
Clan Snow Raven	雪鸦氏族	Base-fragment
Clan Star Adder	星蝰氏族	Base-fragment
Clan Steel Viper	钢蛇氏族	Base-fragment
Clan Stone Lion	石狮氏族	Base-fragment
Clan Targeting Computer	氏族瞄准计算机	Base-fragment
Clan Widowmaker	氏族造寡妇者	Base-fragment
Clan Wolverine	狼獾氏族	Base-fragment
Combat Computer	战斗计算机	Base-fragment
Combat Shield	战斗盾牌	Base-fragment
Command Bunker	指挥掩体	Base-fragment
Command Console	指挥控制台	Base-fragment
Command Mech	指挥机甲	Base-fragment
Commando IIC	突击队员 IIC	Base-fragment
Compact Gyro	紧凑型陀螺仪	Base-fragment
Compact Heat Sink	紧凑型散热器	Base-fragment
Coolant Truck	冷却卡车	Base-fragment
Cooling System	冷却系统	Base-fragment
Crew Compartment	乘员舱	Base-fragment
Curtiss Militech	柯蒂斯军工	Base-fragment
Davy Crockett	大卫·克罗克特	Base-fragment
Decline the offer.	拒绝这个提议.	Base-fragment
Defensive Duties	防御职责	Base-fragment
Defiance Industries	迪法恩斯工业	Base-fragment
Defiance Light	迪法恩斯轻型	Base-fragment
Detachable Weapon Pack	可拆卸武器包	Base-fragment
Diamond Shark	钻石鲨	Base-fragment
Dishonest option	不诚实的选项	Base-fragment
Diverse Optics	多元光学	Base-fragment
Divine Fortress	神圣堡垒	Base-fragment
Doering Electronics	多林电子	Base-fragment
Double Heat Sink	双散热器	Base-fragment
Double Heat Sinks	双散热器	Base-fragment
Dragoon Attack VTOL	龙骑兵攻击垂直起降机	Base-fragment
Drive Upgrades	升级驱动器	Base-fragment
Easy to Maintain	易于维护	Base-fragment
Easy to Pilot	易于驾驶	Base-fragment
Efficient Motive System	高效动力系统	Base-fragment
Electric Discharge ProtoMech Armor	电弧放电原型机装甲	Base-fragment
Emergency Coolant System	应急冷却系统	Base-fragment
Endo-Composite Structure	内骨骼复合结构	Base-fragment
Enforcer III	执法者 III	Base-fragment
Engine Shielding	引擎防护	Base-fragment
Enhanced FPE	增强型防火设备	Base-fragment
Enhanced Imaging	增强成像	Base-fragment
Enhanced LRM	增强型LRM	Base-fragment
Environmental Sealing	环境密封	Base-fragment
Escorpion Imperio	天蝎帝国	Base-fragment
Experimental Design	实验性设计	Base-fragment
Extended LRM	增程LRM	Base-fragment
Extended Range Laser	增程激光	Base-fragment
Extended Range PPC	增程PPC	Base-fragment
Extended Range Pulse Laser	增程脉冲激光	Base-fragment
Extended Torso Twist	增强躯干转向	Base-fragment
Extended-Range Medium Laser	增程中型激光	Base-fragment
Extended-Range PPC	增程 PPC	Base-fragment
Exterminator	灭绝者	Base-fragment
Ferro-Fibrous (C)	铁纤维装甲(氏族)	Base-fragment
Ferro-Fibrous Armor	铁纤维装甲	Base-fragment
Ferro-Lamellor (C)	铁层叠装甲(氏族)	Base-fragment
Filtvelt Coalition	菲尔特维尔特联盟	Base-fragment
Fire Resistant	防火装甲	Base-fragment
Fire Scorpion	火蝎	Base-fragment
Fire Support	火力支援	Base-fragment
Free Rasalhague Republic	自由蛇夫座共和国	Base-fragment
Fronc Reaches	弗朗克边域	Base-fragment
Fuel Cell Engine	燃料电池引擎	Base-fragment
Galleon Light Tank	大帆船轻型坦克	Base-fragment
Gauss Rifle HA30 (C)	HA30高斯步枪(氏族)	Base-fragment
General Motors	通用汽车	Base-fragment
Ghost Bear Dominion	鬼熊 Dominion	Base-fragment
Goliath Scorpion	歌利亚蝎	Base-fragment
Grand Crusader	大十字军	Base-fragment
Grand Dragon	巨龙	Base-fragment
Gray Death Scout	灰死侦察型	Base-fragment
Gray Death Standard	灰死标准型	Base-fragment
Grenade Inferno	炼狱手雷	Base-fragment
Grenade Launcher	榴弹发射器	Base-fragment
Guardian ECM	守护者ECM	Base-fragment
Guardian ECM (C)	守护者ECM(氏族)	Base-fragment
Hand Actuator	手部驱动器	Base-fragment
Hardened Armor	加固装甲	Base-fragment
Harpoon Ammo	鱼叉弹药	Base-fragment
Hatamoto-Chi	旗本-血	Base-fragment
Heat Dissipating Armor	热抗型装甲	Base-fragment
Heat generation	产热量	Base-fragment
Heavy Battle Claws	重型战斗爪	Base-fragment
Heavy Ferro-Fibrous	重型铁纤维装甲	Base-fragment
Heavy Flamer	重型火焰喷射器	Base-fragment
Heavy Gauss Ammo	重型高斯弹药	Base-fragment
Heavy Gauss Rifle	重型高斯步枪	Base-fragment
Heavy Machine Gun Array	重型火箭 Machine Gun Array	Base-fragment
Heavy Particle Projector Cannon	重型粒子加农炮	Base-fragment
Heavy Sniper	重型狙击手	Base-fragment
Heavy Support	重型支援	Base-fragment
Hell's Horses	地狱马	Base-fragment
Hells Horses	地狱战马	Base-fragment
Hellstorm Artillery	地狱风暴火炮	Base-fragment
High Explosive Active Radiation	高爆主动辐射	Base-fragment
Highlander IIC	高地人 IIC	Base-fragment
Hollander II	荷兰人 II	Base-fragment
Hospital Bay	医院室	Base-fragment
Howa Machinery Company Ltd.	丰和机械株式会社	Base-fragment
Hunchback IIC	驼背 IIC	Base-fragment
Huron Warrior	休伦战士	Base-fragment
Hyper Assault Gauss	超重型突击高斯	Base-fragment
Hyper Velocity AC	超高速 AC	Base-fragment
Hyper-Assault Gauss	超突击高斯	Base-fragment
Hyper-Extending Actuators	超伸展驱动器	Base-fragment
Impact Resistant	抗冲击	Base-fragment
Improved Anti-Missile Systems	改进型 Anti-Missile Systems	Base-fragment
Improved Communications	改进型通讯设备	Base-fragment
Improved Cooling Jacket - AC	改良冷却套-自动炮	Base-fragment
Improved Cooling Jacket - Laser	改良冷却套-激光	Base-fragment
Improved Cooling Jacket - Missile	改良冷却套-导弹	Base-fragment
Improved Cooling Jacket - PPC	改良冷却套-PPC	Base-fragment
Improved Heavy Gauss Rifle	改进型重型高斯步枪	Base-fragment
Improved Heavy Laser	改进型重型激光	Base-fragment
Improved Jammer	改良干扰器	Base-fragment
Improved Jump Jets	改进型跳跃推进器	Base-fragment
Improved Lifesupport	改进型生命维持系统	Base-fragment
Improved Sensors	改进型传感器	Base-fragment
Improved Targeting	改进型 Targeting	Base-fragment
Improved Targeting - Long	改进型瞄准 - 长程	Base-fragment
Improved Targeting - Long +	改进型瞄准 - 长程+	Base-fragment
Improved Targeting - Medium	改进型瞄准 - 中程	Base-fragment
Improved Targeting - Short	改进型瞄准 - 短程	Base-fragment
Industrial Mech	工业机甲	Base-fragment
Industrial TSM	工业级三倍强度人造肌	Base-fragment
Infiltrator Mk II	渗透者 Mk II	Base-fragment
Information Gatherer	信息收集者	Base-fragment
Inner Sphere Standard	内天体标准型	Base-fragment
Inspiring Appearance	鼓舞人心之姿	Base-fragment
Insurance Policy	保险单	Base-fragment
Integrated Searchlight	集成探照灯	Base-fragment
Integrated TSM	集成TSM	Base-fragment
Interface Cockpit	接口驾驶舱	Base-fragment
Intimidating	令人胆怯	Base-fragment
Intuitive Controls	简易操控	Base-fragment
Irian Technologies	伊里安科技	Base-fragment
Juggernaut Aim Assistance System	巨无霸瞄准辅助系统	Base-fragment
Jump Booster	跳跃放大器	Base-fragment
Kallon Industries	卡隆工业	Base-fragment
Kong Interstellar	康格星际	Base-fragment
Lancelot LNC25-01	兰斯洛特 LNC25-01	Base-fragment
Land Air Mech	陆空两用机甲	Base-fragment
Large Chem Laser	大型化学激光	Base-fragment
Large Pulse Laser	大型脉冲激光	Base-fragment
Large X-Pulse	大型X脉冲激光	Base-fragment
Laser Anti Missile System	激光反导系统	Base-fragment
Laser Anti-Missile System	激光反导系统	Base-fragment
Laser Insulator	激光绝缘体	Base-fragment
Laser Pistol	激光手枪	Base-fragment
Life Support	生命维持	Base-fragment
Light Active Probe	轻型 Active Probe	Base-fragment
Light Autocannon	轻型自动炮	Base-fragment
Light Engine	轻型引擎	Base-fragment
Light Ferro-Fibrous Armor	轻型 Ferro-Fibrous Armor	Base-fragment
Light Gauss Ammo	轻型高斯弹药	Base-fragment
Light Gauss Rifle	轻型高斯步枪	Base-fragment
Light Machine Gun	轻型 Machine Gun	Base-fragment
Light Machine Gun Array	轻型 Machine Gun Array	Base-fragment
Limited Amphibious	有限两栖	Base-fragment
Liquid Storage	液体储罐	Base-fragment
Local Government	当地政府	Base-fragment
Long Tom Artillery	长汤姆火炮	Base-fragment
Long Tom Cannon	长汤姆加农炮	Base-fragment
Long-Range Missile	远程导弹	Base-fragment
Long-Range Missile Launcher	远程导弹发射器	Base-fragment
lost in combat	在作战中损失	Base-fragment
Luthien Armor Works	鲁西恩装甲工厂	Base-fragment
Machine Gun Array	机枪 Array	Base-fragment
Magnetic Clamps	磁力夹具	Base-fragment
Main Battle Tank	主战坦克	Base-fragment
Marauder IIC	掠夺者 IIC	Base-fragment
Marian Hegemony	马里安霸权	Base-fragment
Marksman Artillery Vehicle	神射手自行火炮	Base-fragment
Martinson Armaments	马丁森军械	Base-fragment
Mauler Laser	惩戒者激光	Base-fragment
Medium Chem Laser	中型化学激光	Base-fragment
Medium Laser	中型激光	Base-fragment
Medium Pulse Laser	中型脉冲激光	Base-fragment
Medium Rotary Rifle	中型转管步枪	Base-fragment
Medium X-Pulse	中型X脉冲激光	Base-fragment
Melee Actuators	近战驱动器	Base-fragment
Mencius Horvat	孟修斯·霍瓦特	Base-fragment
Micro Pulse Laser	微型 Pulse Laser	Base-fragment
Mimetic Systems	拟态系统	Base-fragment
Mine Dispenser	布雷器	Base-fragment
Mining Drill	采矿钻	Base-fragment
Minnesota Tribe	明尼苏达部落	Base-fragment
minor damage	少量损毁	Base-fragment
Missile Boat	导弹平台	Base-fragment
Missile Jammer	导弹干扰器	Base-fragment
Missile Support	导弹支援	Base-fragment
Mission accomplished.	任务完成。	Base-fragment
Modular Armor	模块化装甲	Base-fragment
Modular Weapons	模块化武器	Base-fragment
Multi Missile Launcher	多用途导弹发射器	Base-fragment
Myomer Accelerator Signal Circuitry	人造肌加速信号电路	Base-fragment
Myomer Booster	人造肌助推器	Base-fragment
Narc Launcher	Narc发射器	Base-fragment
Narrow/Low Profile	窄小低矮轮廓	Base-fragment
Natasha Kerensky	娜塔莎·克伦斯基	Base-fragment
Nova Combined Electronic Warfare System	诺瓦综合电子战系统	Base-fragment
Nueva Castile	新卡斯蒂利亚	Base-fragment
Null Signature System	虚无信号系统	Base-fragment
Oberon Confederation	奥伯龙邦联	Base-fragment
Offensive Push	进攻推进	Base-fragment
Omni Vehicle	万能车辆	Base-fragment
Paramedic Equipment	医护装备	Base-fragment
Partial Wing	部分机翼	Base-fragment
Partial Wing System	部分机翼系统	Base-fragment
Particle Projector Cannon	粒子加农炮	Base-fragment
Partisan Heavy Tank	游击者重型坦克	Base-fragment
Patchwork Materials	拼装材料	Base-fragment
Penetrator PTR-4D	穿透者 PTR-4D	Base-fragment
Phoenix Hawk	凤鹰	Base-fragment
Phoenix Hawk LAM	凤凰鹰 LAM	Base-fragment
Pirate Queen	海盗女王	Base-fragment
Pirate Shanties	海盗船歌	Base-fragment
Plasma Cannon	等离子炮	Base-fragment
Plasma Rifle	等离子步枪	Base-fragment
Primitive Structure	原始结构	Base-fragment
Protected Actuators	防护驱动器	Base-fragment
Protected Mechanisms	防护机构	Base-fragment
Protective Padding	防护衬垫	Base-fragment
ProtoMech AC	原型机甲自动炮	Base-fragment
Quick Off The Line	快速起步	Base-fragment
Rasalhague Dominion	蛇夫座自治领	Base-fragment
Rattlesnake JR7-31	响尾蛇 JR7-31	Base-fragment
Raven Alliance	渡鸦同盟	Base-fragment
Reactive Plates	反应装甲板	Base-fragment
Reactive Plating	反应装甲板	Base-fragment
ReEngineered Laser	重构激光	Base-fragment
Refit Harness	改造吊具	Base-fragment
Reflective Coating	反射涂层	Base-fragment
Reinforced Armor	加固装甲	Base-fragment
Reinforced Legs	强化腿部	Base-fragment
Reinforced Structure	加固结构	Base-fragment
Remote Sensor Dispenser	远程传感器投放器	Base-fragment
Renowned for its heavy punch, the Brutus Assault Tank features an impressive combination of long and short range firepower. Powered by a Rawlings 225 Fusion Engine with a top speed of 54km/h, the Brutus compares well to other fusion engine equipped tanks of similar weight and role like the Von Luckner and Manticore, though most variants are more lightly armored in exchange for a heavier weapons array. Despite its abilities, the Capellan Confederation Armed Forces remained lukewarm on the design. However it eventually found an enthusiastic user base among the Federated Suns.   <b><color=#ffcc00>Biome Restrictions: None.</color></b>  <b><color=#ffcc00>Movement: 3/5 hexes / 90/150 meters.</color></b>  <color=#ffcc00><b>Armor:</b> Armor <b>Structure:</b> Structure <b>Values       A        S  </b> <b>Front</b>       190     40 <b>Left</b>         135     40 <b>Right</b>       135     40 <b>Rear</b>        105     40 <b>Turret</b>      135     40  <b>Total</b>      700    200</color>  <color=#ff0000>Quirk: Main Battle Tank</color>	布鲁图斯突击坦克以重拳著称，兼具出色的远程与近程火力。它由罗林斯225聚变引擎驱动，最高速度54公里/小时，与冯·卢克纳、蝎狮等同样使用聚变引擎、吨位与角色相近的坦克相比毫不逊色，只是大多数变型为换取更强的武器而牺牲了装甲。尽管性能不俗，卡佩兰联邦武装部队对该设计始终反应冷淡，但它最终在联邦太阳国中找到了热衷的用户群。<b><color=#ffcc00>生态限制：无。</color></b>  <b><color=#ffcc00>移动：3/5 格 / 90/150 米。</color></b>  <color=#ffcc00><b>装甲：</b> 装甲 <b>结构：</b>结构 <b>数值       A        S  </b> <b>正面</b>       190     40 <b>左侧</b>         135     40 <b>右侧</b>       135     40 <b>后方</b>        105     40 <b>炮塔</b>      135     40  <b>总计</b>      700    200</color>  <color=#ff0000>特性：主战坦克</color>	Base-fragment
Republic of the Sphere	球体共和国	Base-fragment
Retractable Blade	可伸缩刀刃	Base-fragment
Rifleman IIC	步枪手IIC	Base-fragment
Rifleman III RF2-A	步枪手III RF2-A	Base-fragment
Risky option	冒险选项	Base-fragment
Robinson Standard BattleWorks	罗宾逊标准机甲工厂	Base-fragment
Rocket Launcher	火箭发射器	Base-fragment
Rocket Pack 20	联装火箭 20	Base-fragment
Rotary Autocannon	转管自动炮	Base-fragment
Rotary Gauss Rifle	旋转高斯步枪	Base-fragment
Rotary Rifle	转管步枪	Base-fragment
Savage Coyote	野蛮郊狼	Base-fragment
Scorpion Empire	天蝎帝国	Base-fragment
Self Repair System	自我修复系统	Base-fragment
Sentinel STN-3Lb	哨兵 STN-3Lb	Base-fragment
Shadow Hawk IIC	暗影鹰 IIC	Base-fragment
Shengli Arms	胜利兵工	Base-fragment
Short-Range Missile	短程火箭	Base-fragment
Short-Range Missile Launcher	短程火箭发射器	Base-fragment
Silver Bullet Gauss	银弹高斯	Base-fragment
Skobel MechWorks	斯科贝尔机甲工厂	Base-fragment
Slippery Customer	滑不溜手	Base-fragment
Small Cockpit	小型驾驶舱	Base-fragment
Small Pulse Laser	小型脉冲激光	Base-fragment
Small VSP Laser	小型 VSP 激光	Base-fragment
Small X-Pulse	小型X脉冲激光	Base-fragment
Sniper Artillery	Sniper火炮	Base-fragment
Sniper Artillery Cannon	Sniper火炮加农炮	Base-fragment
Snub-Nose PPC	短管PPC	Base-fragment
Snubnose PPC	短管PPC	Base-fragment
Solaris Arms	索拉里斯兵工厂	Base-fragment
Solaris Championship	索拉里斯锦标赛	Base-fragment
Solaris Gladiator	索拉里斯角斗士	Base-fragment
Spiked Harness	带刺束具	Base-fragment
Spirit Walker	灵魂行者	Base-fragment
Stabilized Housing	稳定外壳	Base-fragment
Stable Weapons	稳定武器	Base-fragment
Stalking Spider	潜行蜘蛛	Base-fragment
Standard Armor	标准装甲	Base-fragment
Standard Fusion	标准聚变	Base-fragment
Standard Fusion Engine	标准聚变引擎	Base-fragment
Standard Parts	标准部件	Base-fragment
Star Cluster 752	星团752	Base-fragment
Star Colonel	星上校	Base-fragment
Star League Defense Force	星际联盟防卫军	Base-fragment
StarCorps Industries	星团工业	Base-fragment
Stealth Armor	隐身装甲	Base-fragment
Stealth Systems	隐形系统	Base-fragment
Streak Launcher	锁定式发射器	Base-fragment
Streak MRM Ammo	锁定式MRM弹药	Base-fragment
Streak SRM Ammo	锁定式SRM弹药	Base-fragment
Streak SRM-2	锁定式SRM-2	Base-fragment
Streak SRM-2 (I-OS)	锁定式SRM-2(I-OS)	Base-fragment
Streak SRM-4	锁定式SRM-4	Base-fragment
Streak SRM-6	锁定式SRM-6	Base-fragment
Stubble Wings	短翼	Base-fragment
Sunder SD1-O	分裂 SD1-O	Base-fragment
Super Griffin	超级狮鹫	Base-fragment
Superheavy Prototype	超重型原型	Base-fragment
Superheavy Stealth Armor	超重型潜行装甲	Base-fragment
Tacticon TC7000	泰克铁康TC7000	Base-fragment
talk to them	和他们谈谈	Base-fragment
Tandem Rocket 15	串联火箭 15	Base-fragment
Tandem Rocket 20	串联火箭 20	Base-fragment
Target Acquisition Gear	目标捕获装置	Base-fragment
Targeting Computer	瞄准计算机	Base-fragment
Terran Hegemony	泰拉霸权	Base-fragment
Thermal Exchanger	换热器	Base-fragment
Thermal Sight	热成像瞄具	Base-fragment
This area has experienced some form of nuclear explosion in the past and the heavy, lingering radiation has many detrimental effects. Heat sinking is reduced by 12 per turn, and all units take 20% more damage. Sensors are heavily scrambled and only work at 40% efficiency, and fire control systems have trouble locking on, resulting in -2 accuracy.	该区域过去曾发生过某种核爆炸，浓重的残留辐射带来诸多恶劣影响。散热每回合降低 12，所有单位受到的伤害增加 20%。传感器受到严重干扰，仅以 40% 效率工作，火控系统难以锁定目标，命中 -2。	Base-fragment
Thor Artillery Vehicle	雷神自行火炮	Base-fragment
Thumper Artillery	重击者火炮	Base-fragment
Thumper Cannon	重击者加农炮	Base-fragment
Thunder Hawk	雷鹰	Base-fragment
Thunder Stallion	雷马	Base-fragment
Thunderbolt 10	雷电10	Base-fragment
Thunderbolt 15	雷电15	Base-fragment
Thunderbolt 20	雷电20	Base-fragment
Thunderbolt 5	雷电5	Base-fragment
Thunderbolt Missile	雷霆导弹	Base-fragment
Torso Cockpit	躯干驾驶舱	Base-fragment
Torso Mount Cockpit	躯干安装式驾驶舱	Base-fragment
Torso Mounted	躯干挂载	Base-fragment
Tortuga Dominions	托尔图加自治领	Base-fragment
Triple Strength Myomer	三重肌纤维束	Base-fragment
TSEMP Cannon	TSEMP磁脉冲炮	Base-fragment
Turret System	炮塔系统	Base-fragment
Ultra Autocannon	超级自动炮	Base-fragment
Ultralight Mech	超轻型机甲	Base-fragment
Upper Recoil	上臂后坐力	Base-fragment
UrbanMech IIC	都市机甲 IIC	Base-fragment
Valkyrie VLK-QA	瓦尔基里 VLK-QA	Base-fragment
Valkyrie VLK-QD	瓦尔基里 VLK-QD	Base-fragment
Vandenberg MilTech	范登堡军工	Base-fragment
Variable Range Targeting	可变射程瞄准系统	Base-fragment
Variable Speed Pulse Laser	变速脉冲激光	Base-fragment
Vehicle Adv. Stealth	车辆高级潜行	Base-fragment
Vehicle Flamer	车载火焰喷射器	Base-fragment
Vehicle Flamer Ammo	车辆火焰喷射器弹药	Base-fragment
Vehicle Stealth Armor	车辆潜行装甲	Base-fragment
Vehicular DNI	车辆 DNI	Base-fragment
Venom SDR-9K	毒液 SDR-9K	Base-fragment
very effective	非常有效	Base-fragment
Vining Engineering and Salvage Team	瓦伊宁工程与打捞队	Base-fragment
Void Signature System	虚空信号系统	Base-fragment
Warfare Suite	作战套件	Base-fragment
Warfare Suite QS	QS作战套件	Base-fragment
Warhammer IIC	战锤 IIC	Base-fragment
Well Balanced	均衡	Base-fragment
Well Designed	设计精良	Base-fragment
Whitworth WTH-1	惠特沃斯 WTH-1	Base-fragment
Whitworth WTH-2	惠特沃斯 WTH-2	Base-fragment
Word of Blake	布雷克圣言会	Base-fragment
Wraith Suppression Shield System	幽灵抑制护盾系统	Base-fragment
Wrath of Blake	布雷克之怒	Base-fragment
Wrecking Ball	破坏球	Base-fragment
Yellow Jacket	黄蜂	Base-fragment
