Quicsell Outlet Store	Quicsell 特卖店
A Quicsell manufacturing facility operates on this world, supplying the local market with a steady selection of Quicsell-manufactured 'quality' goods. Quicsell items and Mechs are available for purchase through the system shop.	Quicsell 制造设施在这颗星球上运营，为当地市场持续供应一批 Quicsell 制造的“优质”商品。可通过星系商店购买 Quicsell 物品和机甲。
Impatient and nearly fearless, this pilot has a history of rushing into the enemy.	这个机师性情急躁，几乎无所畏惧，过去总是冲在敌人面前。
This pilot has become adept at fighting in low-light conditions.	这个机师已经擅长在低光环境下作战。
This pilot squeezes every ounce of range they can out of energy weapons.	这个机师会从能量武器中榨出每一分射程。
Despite their small size, this pilot is incredibly tough and tenacious.	尽管身材矮小，这名机师却异常坚韧顽强。
This pilot is capable of delivering multiple strikes when making melee weapon attacks.	这个机师使用近战武器进行攻击时，能够发动多次打击。
This pilot defeated the so-called "High Khan" in a batchall, even though they didn't do much of the work.	这名机师在一场批斗中击败了所谓的“至高可汗”，尽管真正出力的并不是他。
This pilot showed the power of the so-called "Murderpede".	这名机师曾展现出所谓“杀戮蜈蚣”的威力。
This pilot created a "WiFi" network, much to ComStar's anger.	这名机师搭建了一个“WiFi”网络，把 ComStar 气得够呛。
