"A bit pricey, but Why not. We've got the money." (¢2million)	“有点贵，但为什么不呢？我们有钱。” (200万英镑)
"Buy some Quicksell Clan parts + Random Mech (Min 0, Max 2)" (¢7million)	“购买一些Quicsell氏族零件+随机机甲（最小 0，最大 2）”（700 万英镑）
"Even better, offer him double. We're rich!." (¢4million)	“更好的是，给他双倍的报酬。我们很有钱！” (400万英镑)
"You know what? Why not. We've got the money." (¢1million)	“你知道吗？为什么不呢？我们有钱。” (100万美分)
Berserker	狂战士
Berserker BRZ-QSK-R	狂战士 BRZ-QSK-R
Block that number, please. I don't want to get any more spam like this. [Disable Event]	请屏蔽该号码。我不想再收到这样的垃圾邮件。 QZ0标签
Block the transmission, we shall not engage in commerce with those Sphereoids once more.[Disable Event]	阻断传输，我们将不再与那些球体进行贸易。 QZ0标签
Blue Flame	蓝色火焰
Blue Flame BLF-QSK	蓝色火焰BLF-QSK
Bushwacker	丛林猎手
Bushwacker BSW-QSK	布什瓦克 BSW-QSK
BusterHauler	破城搬运工
BusterHauler BC-QSA1	破城搬运工 BC-QSA1
BusterHauler BC-QSA2	破城搬运工 BC-QSA2
BusterHauler BC-QSA3	破城搬运工 BC-QSA3
BusterHauler BC-QSA4	破城搬运工 BC-QSA4
BusterHauler BC-QSA5	破城搬运工 BC-QSA5
Cannon Harness	火炮挂架
Cannon Harness: Decreased Walk Speed	加农炮束带：降低行走速度
Catapult	弩炮
Catapult CPLT-QSK	弩炮 CPLT-QSK
Centurion	百夫长
Centurion CN9-QSK-R1	百夫长 CN9-QSK-R1
Centurion CN9-QSK-R2	百夫长 CN9-QSK-R2
Centurion CN9-QSK-R3	百夫长 CN9-QSK-R3
Corgi	柯基
Corgi Cannon Harness	柯基火炮挂架
Corgi CRG-CA	柯基 CRG-CA
Corgi CRG-CB	柯基 CRG-CB
Corgi Probe Suite	柯基探测套件
Corgi Probe Suite / Aura ECCM: ECM Disrupts C3	柯基探测套件 / 光环 ECCM：ECM 扰乱 C3
Corgi Probe Suite / Aura ECCM: ECM Disrupts C3 AI	柯基探测套件 / 光环 ECCM：ECM 颠覆 C3 AI
Corgi Probe Suite / Aura ECCM: ECM Disrupts C3 Nova	柯基探测套件 / ECCM光环：ECM干扰 C3 Nova
Corgi Probe Suite / Aura ECCM: ECM Disrupts C3i	柯基探测套件 / 光环 ECCM：ECM 扰乱 C3i
Corgi Probe Suite: Active Probe	柯基探针套件：有源探针
Corgi Probe Suite: Decreased ECM Jamming	柯基探测套件：减少 ECM 干扰
Corgi Probe Suite: Increased Advanced Sensor Strength	柯基探测套件：增强高级传感器强度
Corgi Probe Suite: Increased ECM Shield	柯基 探针套件：增强 ECM 护盾
Corgi Probe Suite: Increased Minefield Detection	柯基探测套件：增加雷区探测
Corgi Probe Suite: Increased Sensor Range Multiplier	柯基探测套件：增加传感器范围倍增器
Corgi Probe Suite: Increased Vision Range Multiplier	柯基探针套件：增加视野范围倍增器
Corgi Squad	柯基小队
DHS Engine Kit QSX	DHS 发动机套件 QSX
Disco PPC	迪斯科PPC
ECCM	ECCM
Endo Steel EX Light QS	内骨钢超轻型 QS
Endo Steel Light QS	内骨钢轻型 QS
Endo-Timber 'Clan' QS	内木钢“氏族” QS
Endo-Timber 'Clan' QS: Increased Heat Damage Taken	内木钢氏族QS：受到的热伤害增加
Endo-Timber 'Clan' QS: Increased Receive Critical Hit Chance	内木钢“Clan”QS：增加接收暴击几率
Endosteel 'Clan' QS	内骨钢“氏族” QS
Endosteel 'Clan' QS: Increased Receive Critical Hit Chance	内骨钢“Clan”QS：增加接收暴击几率
Endosteel EX Light QS	内骨钢 EX 轻型 QS
Endosteel Light QS	内钢轻型 QS
Engine Light (QSC)	发动机灯 (QSC)
Engine Light QSX	发动机灯 QSX
Experimental Jumper	实验跳线
Experimental Limited Jumper	实验性有限跳线
Experimental Micro REX Laser QS	实验性微型 REX 激光器 QS
Fafnir	法夫尼尔
Fafnir FNR-QSK	法夫尼尔 FNR-QSK
Field Inhibitor OFF	场内抑制器：关闭
Field Inhibitor ON	场内抑制器：开启
FIOFF	场内抑制器：关闭
FION	场内抑制器：开启
Firecracker 25	鞭炮25
Firecracker Rockets QS [WM]	爆竹火箭 QS[WM]
Firecracker Rockets QS [WM]: Decreased Cruise Speed	鞭炮火箭 QS[WM]：巡航速度降低
Firecracker Rockets QS [WM]: Decreased Flank Speed	鞭炮火箭队 QS[WM]：侧翼速度降低
Firecracker Rockets QS [WM]: Decreased Jump Distance	鞭炮火箭队 QS[WM]：减少跳跃距离
Firecracker Rockets QS [WM]: Decreased Walk Speed	鞭炮火箭队 QS[WM]：步行速度降低
Firecracker Rockets QS [WM]: Increased Sensor Signature	鞭炮火箭 QS [WM]：增加传感器特征
Gauss Fingers	高斯手指
Gauss Fingers QS	高斯指 QS
Gauss Fingers QS: Decreased Target Cooling	高斯指 QS：降低目标冷却
Great Turtle	大乌龟
Gyro LAM QS	陀螺仪林QS
Gyro LAM QS: Increased Evasive Pips Gain	Gyro LAM QS：增加规避点数增益
Gyro LAM QS: Increased Stability Damage Taken	Gyro LAM QS：增加稳定性伤害
Gyro LAM QS: Increased Unsteady Threshold	Gyro LAM QS：增加不稳定阈值
Hand Actuator	手部驱动器
Hardened Peel 'n Stick	硬化即剥即贴
Hardened Peel 'n Stick: Reduced Accuracy	硬化即剥即贴：精度降低
He Leaves	他离开了
Heat Sink Kit (D) QS + RadiCool	散热器套件（双）QS + RadiCool
Heat Sink Kit (D) QS + RadiCool Activatable: Increased Cooling	散热器套件 (D) QS + RadiCool 可激活：增强冷却
Hunchback	驼背
Hunchback HBK-QSK	驼背HBK-QSK
Hunchback QSK	驼背QSK
Hunter	猎手
Incorgnito	隐姓埋名
Incorgnito ICO-QSC	隐匿者 ICO-QSC
Incubus	梦魔
Incubus QSC	梦魔 QSC
Incubus QSC-A	梦魔 QSC-A
Incubus QSC-B	梦魔 QSC-B
Incubus QSC-C	梦魔 QSC-C
Incubus QSC-D	梦魔 QSC-D
Indirect	间接攻击
L Pulse Laser (QSC)	L 脉冲激光 (QSC)
LAM 'HardWood' QS	LAM '硬木' QS
LAM 'HardWood' QS: Increased Heat Damage Taken	LAM '硬木' QS：受到的热伤害增加
LAM 'HardWood' QS: Increased Stability Damage Taken	LAM '硬木' QS：受到的稳定性伤害增加
LAM Engine QS	林姆发动机QS
LAM Engine QS: Enable Unmountable for Battle Armor	LAM Engine QS：为战斗装甲启用不可安装
LAM Engine QS: Enable Unswarmable from Battle Armor	LAM Engine QS：从 战斗装甲 启用 防集群
LAM Gyro QS	林陀螺QS
LAM Turbine QS	LAM 涡轮 QS
LAM Turbine QS Activatable: Decreased Cooling	LAM 涡轮机 QS 可激活：减少冷却
LAM Turbine QS Activatable: Increased Jump Distance	LAM Turbine QS 可激活：增加跳跃距离
LAM Turbine QS Activatable: Increased Jump Heat Generated	LAM 涡轮机 QS 可激活：产生的跳跃热量增加
LAM Turbine QS Activatable: Increased Sensor Signature	LAM Turbine QS 可激活：增加传感器信号
LAM Turbine QS Activatable: Increased Walk Speed	LAM Turbine QS 可激活：增加行走速度
LAM Turbine QS Offline Activatable: Increased Jump Heat Generated	LAM 涡轮机 QS 可离线激活：产生的跳跃热量增加
LAM XL Engine QS	LAM XL 发动机 QS
LAM XL Engine QS: Enable Unmountable for Battle Armor	LAM XL Engine QS：为战斗装甲启用不可安装
LAM XL Engine QS: Enable Unswarmable from Battle Armor	LAM XL 引擎 QS：启用 战斗装甲 中的 防集群
Land Air Mech Conversion Gear	陆空机甲转换装置
Land Air Mech Engine	陆空机甲引擎
Land Air Mech Engine QS	陆空机甲引擎 QS
Large Pulse Laser (QSC)	大脉冲激光器 (QSC)
Large Pulse Laser (QSC): Anti Air Factor	大脉冲激光 (QSC)：抗空气系数
LGBTPPC	LGBTPC
LGBTPPC: Increased Target ECM Jamming	LGBTPC：增加目标 ECM 干扰
Light Engine QSX	光引擎QSX
Lightened Structure	轻量化结构
Limited Time Offer!	限时优惠！
Locust	蝗虫
Locust LCT-QSC	蝗虫LCT-QSC
Longbow	长弓
Longbow LGB-TQ	长弓 LGB-TQ
Lower Arm Actuator	前臂驱动器
M Pulse Laser (QSC)	M 脉冲激光器 (QSC)
Marauder	掠夺者
Marauder MAD-QSK	掠夺者 MAD-QSK
Medium Pulse Laser (QSC)	中脉冲激光器 (QSC)
MG Dual (QSC)	MG 双 (QSC)
Minesweeper	扫雷舰
Minnow	桃花鱼
Minnow QS-A	米诺QS-A
Nay, from the Sphereoids, we abstain.	不，我们对球状体弃权。
Nightstar	夜星
Nightstar NSR-QSXL	夜星 NSR-QSXL
Nova	诺瓦
Nova NVA-QSC	诺瓦 NVA-QSC
Nova NVA-QSC-M	诺瓦 NVA-QSC-M
Nova NVA-QSC-S	诺瓦 NVA-QSC-S
OmniPod Hand QS	OmniPod 手 QS
OmniPod Hand QS: Increased Chance to Stand Up	OmniPod 手部 QS：增加站立的机会
OmniPod Lower Arm QS	OmniPod 下臂 QS
OmniPod Lower Arm QS: Improved {location} Accuracy	OmniPod 下臂 QS：提高了{location}精度
OmniPod Lower Arm QS: Increased Chance to Stand Up	OmniPod 下臂 QS：增加站立的机会
OmniPod Lower Arm QS: Increased Punch Damage Per Ton	OmniPod 下臂 QS：增加每吨冲压伤害
OmniPod Lower Arm QS: Increased Punch Extra Hits	OmniPod 下臂 QS：增加出拳额外打击
OmniPod Lower Arm QS: Increased Punch Stability Damage Per Ton	OmniPod 下臂 QS：增加每吨冲压稳定性伤害
Our new 'Command' Mech has arrived.	我们的新“指挥”机甲已经到来。
Piranha	食人鱼
Piranha QSC	食人鱼QSC
PPC Capacitor QS	PPC电容器QS
PPC Capacitor RF	PPC射频电容
QueenBee LAM	林皇后
QueenBee LAM QNB-A	蜂王林 QNB-A
Quicksell Clan Mech	快销氏族机甲
Quicksell Command Clan Mech	快销指挥部族机甲
Quicksell CommandClan Mech	Quicsell指挥部族机甲
Quicsell 'Clan'	奎塞尔“氏族”
Quicsell Battle Royale	奎塞尔大逃杀
Quicsell Clan Dealer	奎塞尔氏族经销商
Quicsell gladiator	Quicsell角斗士
Quirk Corgi Squad Aura: Decreased Enemies Base Resolve Generation per Round	特质：柯基小队光环：降低敌方每回合基础决心生成
Quirk Corgi Squad Aura: Decreased Enemies Initiative	特质：柯基小队光环：降低敌方主动性
Quirk Corgi Squad: Active Probe	特质：柯基 小队：主动探测器
Quirk Corgi Squad: Increased Advanced Sensor Strength	特质：柯基小队：增强先进传感器强度
Quirk Corgi Squad: Increased Advanced Sensor Strength 2	特质：柯基小队：增强高级传感器强度 2
Quirk Corgi Squad: Increased Evasive Pips Gain	特质：柯基小队：增加规避点数增益
Quirk Corgi Squad: Increased Sensor Range Multiplier	特质：柯基小队：增加传感器范围倍数
Quirk Corgi Squad: Increased Sensor Signature	特质：柯基小队：增加传感器信号
Quirk Corgi Squad: Increased Visual Signature	特质：柯基小队：增加视觉特征
Quirk Experimental Jumper: Decreased Piloting	怪异实验跳线：减少驾驶
Quirk Experimental Jumper: Improved Energy Accuracy	特质：实验跳线：提高能量准确性
Quirk Experimental Jumper: Increased Damage after Jumping	特质：实验性跳投：跳跃后伤害增加
Quirk Experimental Jumper: Increased Energy Heat Generated	特质：实验跳线：增加产生的能量热量
Quirk Quicksell Clan Mech: Decreased Piloting	特质：Quicsell氏族机甲：减少驾驶
Quirk Quicksell Clan Mech: Decreased Sensor Range Multiplier	特质：Quicsell氏族机甲：减少传感器范围乘数
Quirk Quicksell Clan Mech: Decreased Vision Range Multiplier	特质：Quicsell氏族机甲：视野范围乘数减小
Quirk Quicksell Clan Mech: Increased Energy Heat Generated	特质：Quicsell氏族机甲：增加产生的能量热量
Quirk Quicksell Command Clan Mech Aura: Increased Allies Initiative	特质：Quicsell指挥型氏族机甲 光环：增加盟友主动性
Quirk Quicksell Command Clan Mech: Decreased Piloting	特质：Quicsell指挥型氏族机甲：减少驾驶
Quirk Quicksell Command Clan Mech: Increased Energy Heat Generated	特质：Quicsell指挥型氏族机甲：增加产生的能量热量
Quirk Quicksell Command Clan Mech: Increased Sensor Signature	特质：Quicsell指挥型氏族机甲：增加传感器信号
Rifleman	步枪手
Rifleman RFL-QSK	步枪手 RFL-QSK
Roll High	滚动高
Roll Low	低滚
Roll Medium	卷筒介质
Roll Scam	滚动骗局
Roughneck	粗汉
Roughneck RGH-QSK-R	粗汉 RGH-QSK-R
Scatter Plas	散射等离子体
Scatter Plas: Increased Target Heat Generated	Scatter Plas：增加目标产生的热量
Send him away for now.. Politely	暂时把他送走..有礼貌
Shadow Cat	暗影猫
Shadow Cat QSC-C	影猫QSC-C
Shadow Hawk	影鹰
Shadow Hawk SHD-QSC	暗影鹰 SHD-QSC
Solaris 7 Battle Royale: Assault Mech	Solaris 7 大逃杀：突击机甲
Stalker	潜行者
Stalker STK-QSK	潜行者 STK-QSK
Stinger LAM	毒刺 LAM
Stinger LAM STG-QSK	毒刺 LAM STG-QSK
Stormcrow	风暴鸦
Stormcrow SCR-QSC	风暴鸦 SCR-QSC
Stormcrow SCR-QSC-A	风暴鸦 SCR-QSC-A
Stormcrow SCR-QSC-B	风暴鸦 SCR-QSC-B
Streak	锁定式
Super Effective CAP	超级有效的CAP
Super Effective Capacitor QS	超级高效电容器QS
Supra Soaker QS	QS超级喷射器
Tacticon	泰克康
Talos	塔洛斯
Talos TLS-QSK	塔洛斯 TLS-QSK
Timber Cat	木猫
Timber Cat TC-QSC	木材猫 TC-QSC
Timber Cat TC-QSC-A	木材猫 TC-QSC-A
Timber Cat TC-QSC-B	木材猫 TC-QSC-B
Timber Cat TC-QSC-C	木材猫 TC-QSC-C
Timber Cat TC-QSC-D	木材猫 TC-QSC-D
Torso Cockpit	躯干驾驶舱
Torso Mount LAM Cockpit QS	躯干安装 LAM 驾驶舱 QS
Torso Mount LAM Cockpit QS: Decreased Bleeding Rate	躯干安装 LAM 驾驶舱 QS：降低出血率
Torso Mount LAM Cockpit QS: Decreased Initiative	躯干安装 LAM 驾驶舱 QS：主动性降低
Torso Mount LAM Cockpit QS: Disable Injure Crew on Location Hit	躯干安装 LAM 驾驶舱 QS：禁止在位置命中时伤害机组人员
Torso Mount LAM Cockpit QS: Disallow Ejection	躯干安装 LAM 驾驶舱 QS：禁止弹射
Torso Mount LAM Cockpit QS: Is Torso Mount	躯干安装 LAM 驾驶舱 QS：是躯干安装
Torso Mount LAM Cockpit QS: Set Crew Location: CenterTorso	躯干安装 LAM 驾驶舱 QS：机组人员位置：躯干中心
Torso Mount LAM Cockpit QS: Set Ignore Head Injuries	躯干安装 LAM 驾驶舱 QS：设置忽略头部受伤
Turtle	龟
Turtle TRT-QSK-R	海龟TRT-QSK-R
Ultra Gauss EX	超高斯 EX
Ultra Gauss EX: Anti Air Factor	Ultra Gauss EX：抗空气系数
Ultra Gauss EX: Decreased Cooling	超高斯 EX：减少冷却
Ultra Gauss Rifle EX	超高斯步枪 EX
Unknown	未知
Vapor Eagle	蒸汽鹰
Vapor Eagle QSXL	蒸汽鹰 QSXL
Warhammer	战锤
Warhammer LAM	战锤 LAM
Warhammer LAM WHM-LAM-QSK	战锤 LAM WHM-LAM-QSK
Warhammer WHM-LAM-QSK	战锤 WHM-LAM-QSK
Wasp LAM	黄蜂 LAM
Wasp LAM WSP-QSK	黄蜂林 WSP-QSK
Wolfhound	猎狼犬
Wolfhound WLF-QSC	猎狼犬 WLF-QSC
Woof Woof!	汪汪！
x1 Shot	x1发
x2 Shots	x2发
x3 Shots	x3发
x4 Shots	x4发
Your new 'Command' Mech	你的新“指挥”机甲
